A,1
A 010,1
A 016,1
EA 111,1
EA 123,1
EA 130,1
EA 131,1
EA 132,1
EA 133,1
EA 139,1
EA 140,1
EA 141,1
EA 142,1
EA 144,1
EA 145,1
EA 146,1
EA 147,1
EA 148,1
EA 149,1
EA 150,1
EA 151,1
EA 152,1
EA 153,1
EA 154,1
EA 155,1
EA 156,1
EA 157,1
EA 158,1
EA 159,1
EA 160,1
EA 161,1
EA 162,1
EA 163,1
EA 164,1
EA 165,1
EA 168,1
EA 169,1
EA 170,1
EA 200,1
EA 201,1
EA 202,1
EA 203,1
EA 204,1
EA 205,1
EA 206,1
EA 207,1
EA 208,1
EA 209,1
EA 211,1
EA 212,1
EA 213,1
EA 214,1
EA 215,1
EA 216,1
EA 217,1
EA 353,1
EA 358,1
EA 359,1
EA 360,1
EA 364,1
EA 366,1
EA 369,1
EA 370,1
EA 371,1
EA 376,1
EA 378,1
EA 379,1
EA 380,1
EA 381,1
EA 382,1
EA 388,1
EA 389,1
EA 390,1
EA 391,1
EA 392,1
EA 393,1
EA 394,1
EA 395,1
EA 396,1
EA 397,1
EA 398,1
EA 399,1
EA 400,1
EA 401,1
EA 402,1
EA 403,1
EA 404,1
EA 405,1
EA 406,1
EA 407,1
EA 408,1
EA 409,1
EA 410,1
EA 411,1
EA 412,1
EA 413,1
EA 414,1
EA 415,1
EA 417,1
EA 418,1
EA 604,1
EA 605,1
EA 606,1
EA 608,1
EA 609,1
EA 610,1
EA 611,1
EA 612,1
EA 613,1
EV 111,1
EV 116,1
EV 120,1
EV 121,1
EV 122,1
EV 207,1
EV 209,1
EV 213,1
EV 214,1
EV 215,1
EV 216,1
EV 217,1
EV 218,1
EV 219,1
EV 313,1
EV 314,1
EV 318,1
EV 319,1
EV 320,1
EV 321,1
EV 322,1
EV 323,1
EV 411,1
EV 413,1
EV 414,1
EV 415,1
EV 416,1
EV 417,1
EV 418,1
EV 419,1
EV 420,1
EV 506,1
EV 509,1
EV 510,1
EV 511,1
EV 512,1
EV 513,1
EV 514,1
EV 515,1
EV 516,1
EV 605,1
EV 607,1
EV 608,1
EV 610,1
EV 611,1
EV 705,1
EV 706,1
EV 707,1
EV 708,1
EV 709,1
EV 710,1
EV 711,1
